<?xml version="1.0" encoding="UTF-8" ?>
<!DOCTYPE mapper
        PUBLIC "-//mybatis.org//DTD Mapper 3.0//EN"
        "http://mybatis.org/dtd/mybatis-3-mapper.dtd">

<mapper namespace="com.lagou.dao.IUserDao">
    <!--namespace : 名称空间：与id组成sql的唯一标识
        resultType： 表明返回值类型-->

    <!--抽取sql片段-->
    <sql id="selectUser">
         select * from user
    </sql>

    <!--查询用户-->
    <select id="findAll" resultType="uSeR">
       <include refid="selectUser"></include>
    </select>

    <!--添加用户-->
    <!--parameterType：参数类型-->
    <insert id="saveUser" parameterType="user" >
        insert into user values(#{id},#{username})
    </insert>

    <!--修改-->
    <update id="updateUser" parameterType="user">
        update user set username = #{username} where id = #{id}
    </update>

    <!--删除-->
    <delete id="deleteUser" parameterType="int">
        delete from user where id = #{abc}
    </delete>

    <!--多条件组合查询：演示if-->
    <select id="findByCondition" parameterType="user" resultType="user">
        <include refid="selectUser"></include>
        <where>
        <if test="id !=null">
            and id = #{id}
        </if>
        <if test="username !=null">
            and username = #{username}
        </if>
        </where>

    </select>

    <!--多值查询：演示foreach-->
    <select id="findByIds" parameterType="list" resultType="user">
        <include refid="selectUser"></include>
        <where>
            <foreach collection="array" open="id in (" close=")" item="id" separator=",">
                #{id}
            </foreach>
        </where>

    </select>

</mapper>
